{"cameraMode":{"drawMode":0,"name":"Shaded","section":"Shading Mode"},"sceneLighting":true,"audioPlay":false,"sceneViewState":{"showFog":true,"showMaterialUpdate":false,"showSkybox":true,"showFlares":true,"showImageEffects":true,"showParticleSystems":true},"in2DMode":false,"pivot":{"x":372.228759765625,"y":200.47325134277345,"z":2.1383304595947267},"rotation":{"x":-0.024006972089409829,"y":-0.006898818537592888,"z":0.00016489923291373998,"w":-0.9996879696846008},"size":1419.218505859375,"orthographic":false}