{"cameraMode":{"drawMode":0,"name":"Shaded","section":"Shading Mode"},"sceneLighting":false,"audioPlay":false,"sceneViewState":{"showFog":true,"showMaterialUpdate":false,"showSkybox":true,"showFlares":true,"showImageEffects":true,"showParticleSystems":true},"in2DMode":false,"pivot":{"x":5.08795166015625,"y":15.74679183959961,"z":0.3422282040119171},"rotation":{"x":-0.013236751779913903,"y":0.7241441607475281,"z":-0.6893813610076904,"w":-0.013904908671975136},"size":21.68351173400879,"orthographic":false}