{"cameraMode":{"drawMode":0,"name":"Shaded","section":"Shading Mode"},"sceneLighting":false,"audioPlay":false,"sceneViewState":{"showFog":true,"showMaterialUpdate":false,"showSkybox":true,"showFlares":true,"showImageEffects":true,"showParticleSystems":true},"in2DMode":false,"pivot":{"x":1.8028020858764649,"y":3.5710668563842775,"z":-7.423914909362793},"rotation":{"x":0.0034528798423707487,"y":-0.996367871761322,"z":0.0688687339425087,"w":0.04996376484632492},"size":17.816476821899415,"orthographic":false}