{"cameraMode":{"drawMode":0,"name":"Shaded","section":"Shading Mode"},"sceneLighting":false,"audioPlay":false,"sceneViewState":{"showFog":true,"showMaterialUpdate":false,"showSkybox":true,"showFlares":true,"showImageEffects":true,"showParticleSystems":true},"in2DMode":false,"pivot":{"x":-2.2200002670288088,"y":18.400007247924806,"z":1.6200056076049805},"rotation":{"x":-0.013236751779913903,"y":0.7241441607475281,"z":-0.6893813610076904,"w":-0.013904908671975136},"size":17.298648834228517,"orthographic":false}