{"cameraMode":{"drawMode":0,"name":"Shaded","section":"Shading Mode"},"sceneLighting":false,"audioPlay":false,"sceneViewState":{"showFog":true,"showMaterialUpdate":false,"showSkybox":true,"showFlares":true,"showImageEffects":true,"showParticleSystems":true},"in2DMode":false,"pivot":{"x":90.0,"y":18.400009155273439,"z":1.6200056076049805},"rotation":{"x":-0.26470014452934267,"y":-0.6661432981491089,"z":0.27523183822631838,"w":-0.640651524066925},"size":18.728670120239259,"orthographic":false}